dosya,urun,detay,fiyat,etiketler
1e8515a7-d4be-4166-a7fb-54c0b304d328.JPG,Mavi Örgü Çanta,,,örgüçanta;elörgüsüçanta;plajçantası;tığişiçanta
3a613541-b147-4668-8ba1-7d11dcab9a5a.JPG,Krem Örgü Sepet,,,örgüsepet;tığişisepet;saklamasepeti;elörgüsüsepet
3d5c6430-2b65-43d7-9966-805549c00b54.JPG,Pembe Tığ İşi Çiçek Süsü,,,tığişiçiçek;örgüçiçek;çiçekaplike;elyapımıçiçek
47e1d70e-63be-4366-a069-21566bbfb24c.JPG,Bej Örgü Çanta,,,örgüçanta;elörgüsüçanta;tığişiçanta;elçantası
59fb674f-e5df-467c-937c-dae5649220c3.JPG,Tığ İşi Çiçekli Taç,,,çiçeklitaç;saçtacı;tığişitaç;tüylütaç
5f877249-3e9c-4247-a938-d9d5d3f20fe5.JPG,Mavi Yeşil Örgü Bebek Yeleği,,,örgübebekyeleği;elörgüsüyelek;bebekörgü;örgüyelek
6071ed50-bd4b-4d33-9e3e-0b2451636c2c.JPG,Renkli Örgü Bebek Askılı Bluz,,,örgübebekbluz;askılıbluz;bebekörgü;elörgüsübluz
6d5e8e25-8f9d-496f-b6cb-6c87cfb96839.JPG,Krem Tığ İşi Bebek Elbisesi,,,tığişielbise;bebekörgüelbise;elörgüsüelbise;örgübebek
71381d69-fdd1-4513-abd5-51b2a15f4908.JPG,Fiyonklu Tığ İşi Bebek Patiği,,,örgüpatik;tığişipatik;bebekpatiği;elörgüsüpatik
7cd0144e-cc95-4f18-9378-90c6301e252d.JPG,Kapüşonlu Örgü Bebek Tulumu,,,örgübebektulumu;elörgüsütulum;bebekörgü;kapüşonlutulum
7d3f3fe1-be10-4e7b-980b-02a2200c7f0c.JPG,Haki Tığ İşi Örgü Çanta,,,örgüçanta;tığişiçanta;elörgüsüçanta;hakiçanta
7d674c58-5ac9-45d3-99b2-0a4c1f0f44d8.JPG,Vizon Örgü Bebek Hırkası,,,örgübebekhırkası;elörgüsühırka;bebekörgü;örgühırka
80123ceb-49f4-4449-9e42-08844b36031c.JPG,El Yapımı Çiçek Broş,,,çiçekbroş;elyapımıbroş;tığişibroş;örgüçiçek
8a10959b-1fe0-4d76-b0a3-9cf6f1d36501.JPG,Krem Tığ İşi Örgü Sepet,,,örgüsepet;tığişisepet;elörgüsüsepet;düzenleyicisepet
8c0e913e-64ff-4826-bf61-b81a6c7c2c06.JPG,Kiremit Örgü Bebek Takımı,,,örgübebek;bebektakımı;örgüyelek;bebektulum
9418281a-4bd7-4cfe-8f2d-40470e87a658.JPG,İğne Oyası Çiçek,,,iğneoyası;iğneoyasıçiçek;elyapımı
97c5d2be-e6f4-4229-9113-95f9164961c5.JPG,Rengarenk Örgü Bebek Pantolonu,,,örgübebek;bebekpantolon;elörgüsü;pastelrenk
989be789-cd4f-45d0-a475-953dce446e28.JPG,Kaneviçe Çiçekli İşlemeli Havlu,,,kaneviçe;çiçeklihavlu;çeyizhavlusu;elişi
9cce9b9b-7e0d-412e-9a21-a6280a19b72c.JPG,Bej Örgü El Çantası,,,örgüçanta;tığişiçanta;elçantası
cb451d35-e3e6-4e21-9a41-601ed40caa1d.JPG,Gri Tığ İşi Püsküllü Şal,,,tığişişal;örgüşal;püsküllüşal
e52eaa1d-6fe8-46ab-9910-1faf1d0f4995.JPG,Ekru Bebek Örgü Elbise ve Patik Takımı,,,bebekörgüelbise;örgüpatik;tığişibebek;bebektakımı
eb1382d6-4c85-4405-af4e-9e1035576de8.JPG,Bordo El Örgüsü Cepli Yelek,,,örgüyelek;elörgüsüyelek;bordoyelek;cepliyelek
eca63e05-9af2-4bf5-8cd3-91fedaaa0672.JPG,Sarı Tığ İşi Bluz,,,tığişibluz;örgübluz;sarıbluz;elörgüsü
ee9925ed-6744-4609-8bbe-35aca161fc2b.JPG,Ekru Püsküllü Tığ İşi Şal,,,tığişişal;örgüşal;püsküllüşal;elörgüsüşal
fc18e59b-a72d-4198-a64c-b473c1f00a8a.JPG,Kahverengi Örgü El Çantası,,,örgüçanta;elörgüsüçanta;tığişiçanta;kahverengiçanta
kiremit-motifli-tig-isi-elbise.jpg,Kiremit Motifli Tığ İşi Uzun Elbise,Motifli tığ işi üst + piliseli etek,,motiflielbise;tığişielbise;örgüelbise;uzunelbise;yazlıkelbise;bohemstil
panco-ekru-tig-isi.jpg,Ekru Tığ İşi Panço,Ajurlu model,,tığişipanço;örgüpanço;ajurlupanço;plajelbisesi;yazlıkpanço;ekrupanço
patchwork-kot-canta.jpg,Patchwork Kot Çanta,Geri dönüştürülmüş kot ve kumaş parçalarından,,patchworkçanta;kotçanta;elyapımıçanta;geridönüşüm;patchwork;omuzçantası
