tarih,saat,gorsel_kare,urun,aciklama
2026-08-04,11:00,hasir-orgu-yuvarlak-omuz-cantasi-29_kare.jpg,Hasır Örgü Yuvarlak Omuz Çantası,"Sıcacık bir dokunuş, yazın en şık detayı ☀️

🧶 Hasır Örgü Yuvarlak Omuz Çantası — Ajurlu ip örgü
Doğal ip ile tek tek örüldü; hafif, dayanıklı ve her kombine yakışan bir güzellik.

Sipariş & fiyat için DM'den yazın 💌

#lideraelisleri #hasırçanta #örgüçanta #yuvarlakçanta #omuzçantası #plajçantası #ipçanta #tığişiçanta #elörgüsüçanta #elyapımıçanta #handmadebag #crochetbag #rafyaçanta #hasırçantamodelleri #yazçantası #butikçanta #elemeği #elişi #elyapımı #tığişi #örgü #handmade #crochet #hediyelik #elemeğigöznuru"
2026-08-04,19:30,ekru-tig-isi-bluz-ve-pantolon-takimi-30_kare.jpg,Ekru Tığ İşi Bluz ve Pantolon Takımı,"Tek tek, sabırla, sevgiyle örüldü 💛

🧶 Ekru Tığ İşi Bluz ve Pantolon Takımı — Askılı bluz + geniş paça ajurlu pantolon
Kaliteli iple örülen ikili takım; plajda, tatilde, yazın her anında rahat ve şık.

Beğendiyseniz DM'den ulaşın, size özel hazırlayalım 💬

#lideraelisleri #tığişitakım #örgütakım #ikilitakım #yazlıktakım #ajurlupantolon #plajtakımı #örgüpantolon #tığişibluz #crochetset #crochetpants #beachwear #tığişi #örgü #elörgüsü #elemeği #elişi #elyapımı #handmade #crochet #crochetlove #örgüaşkı #örgümodelleri #tığişimodelleri #butikörgü #hediyelik"
2026-08-05,11:00,mavi-firfirli-orgu-elbise-31_kare.jpg,Mavi Fırfırlı Örgü Elbise,"El emeği, göz nuru 🧶

🧶 Mavi Fırfırlı Örgü Elbise — Çil desenli ip + fırfır detay
Yumuşacık çil desenli iple örüldü, kollarında ve eteğinde sevimli fırfır detayı; küçük hanımlar için birbirinden özel.

Sipariş & fiyat için DM'den yazın 💌

#lideraelisleri #örgüelbise #fırfırlıelbise #çocukelbise #yazlıkelbise #elörgüsüelbise #tığişielbise #bebekelbise #kızçocukelbise #örgübebek #bebekörgü #elörgüsü #elemeği #elişi #elyapımı #handmade #crochet #crochetdress #knitting #örgüaşkı #örgümodelleri #butikörgü #çeyizlik #hediyelik #elemeğigöznuru"
